titles,publish_year,length,age_restriction,votes,rating
Saltburn,2023,2h 11m,R,152K,7.1
Poor Things,2023,2h 21m,R,60K,8.4
The Bear,2021 ,1h 25m,TV-MA,190K,8.6
Mean Girls,2024,1h 52m,PG-13,11K,6.3
Ted,2021 ,1h 25m,TV-MA,14K,8.0
The Holdovers,2023,2h 13m,R,77K,8.0
Wonka,2023,1h 56m,PG,82K,7.2
Hazbin Hotel,2021 ,1h 25m,TV-MA,11K,7.7
Anyone But You,2023,1h 43m,R,15K,6.7
Lift,2024,1h 47m,PG-13,27K,5.5
Avatar: The Last Airbender,2021 ,1h 25m,TV-MA,not available,not available
Barbie,2023,1h 54m,PG-13,480K,6.9
Succession,2021 ,1h 25m,TV-MA,259K,8.9
Loudermilk,2021 ,1h 25m,TV-MA,12K,7.9
American Fiction,2023,1h 57m,R,8K,7.9
The Brothers Sun,2021 ,1h 25m,TV-MA,15K,7.7
The Boys,2021 ,1h 25m,TV-MA,627K,8.7
Suits,2021 ,1h 25m,TV-MA,468K,8.4
Shameless,2021 ,1h 25m,TV-MA,277K,8.5
Beef,2021 ,1h 25m,TV-MA,124K,8.0
No Hard Feelings,2023,1h 43m,R,141K,6.4
The Office,2021 ,1h 25m,TV-MA,694K,9.0
Young Sheldon,2021 ,1h 25m,TV-MA,93K,7.6
Rick and Morty,2021 ,1h 25m,TV-MA,591K,9.1
The White Lotus,2021 ,1h 25m,TV-MA,197K,8.0
Migration,2023,1h 23m,PG,10K,6.7
Ted Lasso,2021 ,1h 25m,TV-MA,334K,8.8
Dumb Money,2023,1h 45m,R,30K,6.9
Role Play,2023,1h 40m,R,10K,5.5
Friends,2021 ,1h 25m,TV-MA,1.1M,8.9
The Big Bang Theory,2021 ,1h 25m,TV-MA,857K,8.2
Queenpins,2021,1h 50m,R,21K,6.4
Northern Exposure,2021 ,1h 25m,TV-MA,20K,8.4
Wish,2023,1h 35m,PG,18K,5.7
Self Reliance,2023,1h 25m,R,8.3K,6.1
Sadzageli gogoebi,2004,1h 37m,PG-13,426K,7.1
Only Murders in the Building,2021 ,1h 25m,TV-MA,151K,8.1
Hit Man,2023,1h 53m,R,834,7.8
Tanamedrove ojakhi,2021 ,1h 25m,TV-MA,474K,8.5
Queen Bees,2021,1h 40m,PG-13,3.3K,6.3
May December,2023,1h 57m,R,39K,6.9
Miller's Girl,2024,1h 33m,R,845,5.5
The Favourite,2018,1h 59m,R,222K,7.5
This Is Us,2021 ,1h 25m,TV-MA,156K,8.7
It's Always Sunny in Philadelphia,2021 ,1h 25m,TV-MA,248K,8.8
The Curse,2021 ,1h 25m,TV-MA,8K,7.1
One Piece: Wan pîsu,2021 ,1h 25m,TV-MA,221K,8.9
Deadpool 3,2024,not available,not available,not available,not available
Once Upon a Time in... Hollywood,2019,2h 41m,R,828K,7.6
Seinfeld,2021 ,1h 25m,TV-MA,346K,8.9
Reacher,2021 ,1h 25m,TV-MA,193K,8.1
Masters of the Air,2021 ,1h 25m,TV-MA,5.1K,8.0
Road House,2024,1h 54m,R,not available,not available
Percy Jackson and the Olympians,2021 ,1h 25m,TV-MA,22K,7.3
The Beekeeper,2024,1h 45m,R,22K,6.6
Lift,2024,1h 47m,PG-13,27K,5.5
Avatar: The Last Airbender,2021 ,1h 25m,TV-MA,not available,not available
Fighter,2021 ,1h 25m,TV-MA,32K,7.7
Aquaman and the Lost Kingdom,2023,2h 4m,PG-13,45K,5.8
Argylle,2024,2h 19m,PG-13,760,6.2
Samefo Karis Tamashebi,2021 ,1h 25m,TV-MA,2.3M,9.2
Echo,2021 ,1h 25m,TV-MA,27K,6.1
The Brothers Sun,2021 ,1h 25m,TV-MA,15K,7.7
The Boys,2021 ,1h 25m,TV-MA,627K,8.7
The Creator,2023,2h 13m,PG-13,131K,6.8
Animal,2021 ,1h 25m,TV-MA,73K,6.5
Indian Police Force,2024 ,not available,not available,41K,5.5
Napoleon,2023,2h 38m,R,101K,6.5
Godzila minus erti,2023,2h 4m,PG-13,42K,8.3
The Rookie,2021 ,1h 25m,TV-MA,64K,8.0
Salaar: Cease Fire - Part 1,2021 ,1h 25m,TV-MA,57K,6.6
Monarch: Legacy of Monsters,2021 ,1h 25m,TV-MA,30K,7.0
Migration,2023,1h 23m,PG,10K,6.7
The Last of Us,2021 ,1h 25m,TV-MA,494K,8.8
Role Play,2023,1h 40m,R,10K,5.5
The Marvels,2023,1h 45m,PG-13,83K,5.6
Madame Web,2024,1h 56m,PG-13,not available,not available
Rebel Moon - Part One: A Child of Fire,2023,2h 13m,PG-13,94K,5.6
Mission: Impossible - Dead Reckoning Part One,2023,2h 43m,PG-13,221K,7.7
House of the Dragon,2021 ,1h 25m,TV-MA,359K,8.4
Hit Man,2023,1h 53m,R,834,7.8
NCIS: Naval Criminal Investigative Service,2021 ,1h 25m,TV-MA,160K,7.8
Zorro,2024 ,not available,not available,1.1K,6.2
Hanu Man,2021 ,1h 25m,TV-MA,16K,8.6
Berlín,2021 ,1h 25m,TV-MA,23K,7.0
Legenda tarzanze,2016,1h 50m,PG-13,187K,6.2
Road House,1989,1h 54m,R,85K,6.7
The Hunger Games: The Ballad of Songbirds & Snakes,2023,2h 37m,PG-13,92K,6.9
Dune: Part Two,2024,2h 46m,PG-13,not available,not available
Shingeki no Kyojin,2021 ,1h 25m,TV-MA,493K,9.1
Vikings,2021 ,1h 25m,TV-MA,573K,8.5
Ore dake Level Up na Ken,2021 ,1h 25m,TV-MA,5.7K,8.5
Chicago Fire,2021 ,1h 25m,TV-MA,63K,8.0
Dune: Part One,2021,2h 35m,PG-13,751K,8.0
One Piece: Wan pîsu,2021 ,1h 25m,TV-MA,221K,8.9
Deadpool 3,2024,not available,not available,not available,not available
60 Minuten,2024,1h 28m,TV-MA,2.4K,5.7
Jujutsu Kaisen,2021 ,1h 25m,TV-MA,105K,8.6
Halo,2021 ,1h 25m,TV-MA,74K,7.2
The Tourist,2021 ,1h 25m,TV-MA,22K,7.0
Wonka,2023,1h 56m,PG,82K,7.2
Percy Jackson and the Olympians,2021 ,1h 25m,TV-MA,22K,7.3
La sociedad de la nieve,2023,2h 24m,R,79K,7.9
Avatar: The Last Airbender,2021 ,1h 25m,TV-MA,not available,not available
The Kitchen,2023,1h 47m,R,5.2K,4.9
Fighter,2021 ,1h 25m,TV-MA,32K,7.7
Barbie,2023,1h 54m,PG-13,480K,6.9
Aquaman and the Lost Kingdom,2023,2h 4m,PG-13,45K,5.8
Samefo Karis Tamashebi,2021 ,1h 25m,TV-MA,2.3M,9.2
Echo,2021 ,1h 25m,TV-MA,27K,6.1
The Creator,2023,2h 13m,PG-13,131K,6.8
Doctor Who,2021 ,1h 25m,TV-MA,244K,8.6
Napoleon,2023,2h 38m,R,101K,6.5
Rick and Morty,2021 ,1h 25m,TV-MA,591K,9.1
Godzila minus erti,2023,2h 4m,PG-13,42K,8.3
Spaceman,2024,1h 47m,R,not available,not available
Monarch: Legacy of Monsters,2021 ,1h 25m,TV-MA,30K,7.0
Migration,2023,1h 23m,PG,10K,6.7
The Last of Us,2021 ,1h 25m,TV-MA,494K,8.8
The Marvels,2023,1h 45m,PG-13,83K,5.6
Wish,2023,1h 35m,PG,18K,5.7
Madame Web,2024,1h 56m,PG-13,not available,not available
Rebel Moon - Part One: A Child of Fire,2023,2h 13m,PG-13,94K,5.6
Mission: Impossible - Dead Reckoning Part One,2023,2h 43m,PG-13,221K,7.7
House of the Dragon,2021 ,1h 25m,TV-MA,359K,8.4
Hanu Man,2021 ,1h 25m,TV-MA,16K,8.6
Legenda tarzanze,2016,1h 50m,PG-13,187K,6.2
The Hunger Games: The Ballad of Songbirds & Snakes,2023,2h 37m,PG-13,92K,6.9
Dune: Part Two,2024,2h 46m,PG-13,not available,not available
Shingeki no Kyojin,2021 ,1h 25m,TV-MA,493K,9.1
Kimitachi wa dô ikiru ka,2023,2h 4m,PG-13,39K,7.6
Vikings,2021 ,1h 25m,TV-MA,573K,8.5
Ore dake Level Up na Ken,2021 ,1h 25m,TV-MA,5.7K,8.5
Dune: Part One,2021,2h 35m,PG-13,751K,8.0
One Piece: Wan pîsu,2021 ,1h 25m,TV-MA,221K,8.9
60 Minuten,2024,1h 28m,TV-MA,2.4K,5.7
Jujutsu Kaisen,2021 ,1h 25m,TV-MA,105K,8.6
Halo,2021 ,1h 25m,TV-MA,74K,7.2
Invincible,2021 ,1h 25m,TV-MA,189K,8.7
Blue Eye Samurai,2021 ,1h 25m,TV-MA,52K,8.8
Interstelari,2014,2h 49m,PG-13,2.1M,8.7
The Witcher,2021 ,1h 25m,TV-MA,563K,8.0
Spider-Man: Across the Spider-Verse,2023,2h 20m,PG,340K,8.6
Dakargulebi,2021 ,1h 25m,TV-MA,588K,8.3
Indiana Jones and the Dial of Destiny,2023,2h 34m,PG-13,186K,6.6
Gladiator 2,2024,not available,not available,not available,not available
Forsaji X,2023,2h 21m,PG-13,113K,5.8
Masters of the Universe: Revolution,2021 ,1h 25m,TV-MA,1.4K,7.8
Alive,1993,2h 8m,R,63K,7.1
Trolls Band Together,2023,1h 31m,PG,10K,6.0
True Detective,2021 ,1h 25m,TV-MA,630K,8.9
Reacher,2021 ,1h 25m,TV-MA,193K,8.1
Fargo,2021 ,1h 25m,TV-MA,411K,8.9
Griselda,2021 ,1h 25m,TV-MA,11K,7.5
Fool Me Once,2021 ,1h 25m,TV-MA,39K,6.8
Killers of the Flower Moon,2023,3h 26m,R,186K,7.7
Hazbin Hotel,2021 ,1h 25m,TV-MA,11K,7.7
Boy Swallows Universe,2021 ,1h 25m,TV-MA,10K,8.1
Anatomie d'une chute,2023,2h 31m,R,52K,7.8
Lift,2024,1h 47m,PG-13,27K,5.5
Death and Other Details,2021 ,1h 25m,TV-MA,2.7K,7.0
Echo,2021 ,1h 25m,TV-MA,27K,6.1
Sopranos klani,2021 ,1h 25m,TV-MA,458K,9.2
The Boys,2021 ,1h 25m,TV-MA,627K,8.7
American Nightmare,2021 ,1h 25m,TV-MA,9.9K,7.6
Animal,2021 ,1h 25m,TV-MA,73K,6.5
Breaking Bad,2021 ,1h 25m,TV-MA,2.1M,9.5
Indian Police Force,2024 ,not available,not available,41K,5.5
Law & Order: Special Victims Unit,2021 ,1h 25m,TV-MA,121K,8.1
The Rookie,2021 ,1h 25m,TV-MA,64K,8.0
Salaar: Cease Fire - Part 1,2021 ,1h 25m,TV-MA,57K,6.6
Criminal Minds,2021 ,1h 25m,TV-MA,215K,8.1
Peaky Blinders,2021 ,1h 25m,TV-MA,632K,8.8
Monsieur Spade,2024 ,not available,not available,1.4K,7.2
The Artful Dodger,2021 ,1h 25m,TV-MA,6.7K,8.0
Criminal Record,2021 ,1h 25m,TV-MA,2K,7.2
Queenpins,2021,1h 50m,R,21K,6.4
Only Murders in the Building,2021 ,1h 25m,TV-MA,151K,8.1
Better Call Saul,2021 ,1h 25m,TV-MA,631K,9.0
NCIS: Naval Criminal Investigative Service,2021 ,1h 25m,TV-MA,160K,7.8
Berlín,2021 ,1h 25m,TV-MA,23K,7.0
Law & Order,2021 ,1h 25m,TV-MA,43K,7.8
Midsomer Murders,2021 ,1h 25m,TV-MA,38K,7.9
The Wire,2021 ,1h 25m,TV-MA,371K,9.3
Ripley,2024,not available,not available,not available,not available
Bones,2021 ,1h 25m,TV-MA,174K,7.8
Vera,2021 ,1h 25m,TV-MA,19K,8.1
You,2021 ,1h 25m,TV-MA,293K,7.7
The X Files,2021 ,1h 25m,TV-MA,246K,8.6
Dr. Death,2021 ,1h 25m,TV-MA,16K,7.6
La casa de papel,2021 ,1h 25m,TV-MA,523K,8.2
Sound of Freedom,2023,2h 11m,PG-13,105K,7.7
Forsaji X,2023,2h 21m,PG-13,113K,5.8
The Batman,2022,2h 56m,PG-13,766K,7.8
Natlimama,1972,2h 55m,R,2M,9.2
Daredevil,2021 ,1h 25m,TV-MA,469K,8.6
Dogman,2023,1h 53m,R,4.3K,6.7
The Gentlemen,2021 ,1h 25m,TV-MA,not available,not available
The Stranger,2021 ,1h 25m,TV-MA,59K,7.3
Bodies,2021 ,1h 25m,TV-MA,48K,7.3
Hazbin Hotel,2021 ,1h 25m,TV-MA,11K,7.7
Rick and Morty,2021 ,1h 25m,TV-MA,591K,9.1
Migration,2023,1h 23m,PG,10K,6.7
Wish,2023,1h 35m,PG,18K,5.7
Shingeki no Kyojin,2021 ,1h 25m,TV-MA,493K,9.1
Kimitachi wa dô ikiru ka,2023,2h 4m,PG-13,39K,7.6
Ore dake Level Up na Ken,2021 ,1h 25m,TV-MA,5.7K,8.5
One Piece: Wan pîsu,2021 ,1h 25m,TV-MA,221K,8.9
Jujutsu Kaisen,2021 ,1h 25m,TV-MA,105K,8.6
Invincible,2021 ,1h 25m,TV-MA,189K,8.7
Blue Eye Samurai,2021 ,1h 25m,TV-MA,52K,8.8
Spider-Man: Across the Spider-Verse,2023,2h 20m,PG,340K,8.6
Masters of the Universe: Revolution,2021 ,1h 25m,TV-MA,1.4K,7.8
Trolls Band Together,2023,1h 31m,PG,10K,6.0
What If...?,2021 ,1h 25m,TV-MA,140K,7.4
Family Guy,2021 ,1h 25m,TV-MA,361K,8.2
The Simpsons,2021 ,1h 25m,TV-MA,432K,8.7
Avatar: The Last Airbender,2021 ,1h 25m,TV-MA,354K,9.3
South Park,2021 ,1h 25m,TV-MA,402K,8.7
The Super Mario Bros. Movie,2023,1h 32m,PG,227K,7.0
Star Wars: The Bad Batch,2021 ,1h 25m,TV-MA,49K,7.8
Bob's Burgers,2021 ,1h 25m,TV-MA,91K,8.2
Helluva Boss,2021 ,1h 25m,TV-MA,8.6K,8.2
Kimetsu no Yaiba,2021 ,1h 25m,TV-MA,141K,8.6
Elemental,2023,1h 41m,PG,114K,7.0
Bluey,2021 ,1h 25m,TV-MA,24K,9.4
Kung Fu Panda 4,2024,1h 34m,PG,not available,not available
BoJack Horseman,2021 ,1h 25m,TV-MA,184K,8.8
Arcane: League of Legends,2021 ,1h 25m,TV-MA,260K,9.0
Justice League: Crisis on Infinite Earths - Part One,2024,1h 33m,PG-13,2.5K,6.3
Monsutâzu Ippaku Sanjô Hiryû Jigoku,2021 ,1h 25m,TV-MA,not available,not available
Leo,2023,1h 42m,PG,30K,7.0
Sen to Chihiro no kamikakushi,2001,2h 5m,PG,834K,8.6
The Lord of the Rings: The War of the Rohirrim,2021 ,1h 25m,TV-MA,not available,not available
Nimona,2023,1h 41m,PG,39K,7.5
In the Know,2024 ,not available,not available,255,6.7
Teenage Mutant Ninja Turtles: Mutant Mayhem,2023,1h 39m,PG,57K,7.2
Futurama,2021 ,1h 25m,TV-MA,258K,8.5
Star Wars: The Clone Wars,2021 ,1h 25m,TV-MA,118K,8.4
Cars,2006,1h 57m,G,461K,7.2
Soul,2020,1h 40m,PG,372K,8.0
Archer,2021 ,1h 25m,TV-MA,164K,8.6
Sôsô no Furîren,2021 ,1h 25m,TV-MA,5.6K,8.9
Vinland Saga,2021 ,1h 25m,TV-MA,67K,8.8
Scavengers Reign,2021 ,1h 25m,TV-MA,12K,8.7
Sing 2,2021,1h 50m,PG,85K,7.4
Encanto,2021,1h 42m,PG,256K,7.2
The Lion King,1994,1h 28m,G,1.1M,8.5
Spider-Man: Into the Spider-Verse,2018,1h 57m,PG,656K,8.4
"Love, Death & Robots",2021 ,1h 25m,TV-MA,192K,8.4
American Nightmare,2021 ,1h 25m,TV-MA,9.9K,7.6
Love on the Spectrum U.S.,2021 ,1h 25m,TV-MA,2.4K,8.2
Love on the Spectrum,2021 ,1h 25m,TV-MA,7.1K,8.6
Will & Harper,2021 ,1h 25m,TV-MA,64,8.5
The Curious Case of Natalia Grace,2021 ,1h 25m,TV-MA,3.3K,6.8
20 Days in Mariupol,2023,1h 35m,TV-PG,3.4K,8.6
To Kill a Tiger,2021 ,1h 25m,TV-MA,188,7.5
On the Roam,2024 ,not available,not available,144,6.8
Les filles d'Olfa,2023,1h 47m,Not Rated,1.1K,7.4
You Are What You Eat: A Twin Experiment,2024,not available,not available,3.6K,5.9
Six Nations: Full Contact,2021 ,1h 25m,TV-MA,383,7.7
Dance Life,2024 ,not available,not available,243,8.6
The Last Repair Shop,2021 ,1h 25m,TV-MA,656,7.2
Welcome to Wrexham,2021 ,1h 25m,TV-MA,19K,8.3
La memoria infinita,2021 ,1h 25m,TV-MA,1.7K,7.6
Clarkson's Farm,2021 ,1h 25m,TV-MA,54K,9.0
24 Hours in Police Custody,2021 ,1h 25m,TV-MA,899,8.4
Chowchilla,2021 ,1h 25m,TV-MA,489,7.0
Taylor Swift: The Eras Tour,2023,2h 49m,PG-13,17K,8.2
Kevin James: Irregardless,2021 ,1h 25m,TV-MA,358,5.7
American Symphony,2023,1h 44m,PG-13,2K,7.0
Nathan for You,2021 ,1h 25m,TV-MA,37K,8.9
God & Country,2021 ,1h 25m,TV-MA,not available,not available
A Real Bug's Life,2021 ,1h 25m,TV-MA,122,6.9
Savvusanna sõsarad,2021 ,1h 25m,TV-MA,1.3K,7.4
The Rehearsal,2021 ,1h 25m,TV-MA,25K,8.5
The Prison Confessions of Gypsy Rose Blanchard,2024 ,not available,not available,370,7.2
Superhot: The Spicy World of Pepper People,2021 ,1h 25m,TV-MA,136,7.4
Bobi Wine: The People's President,2022,1h 53m,PG-13,414,7.2
Alexander: The Making of a God,2021 ,1h 25m,TV-MA,285,5.0
Still,2023,1h 35m,R,14K,8.1
The Curse of Oak Island,2021 ,1h 25m,TV-MA,6.5K,6.9
The Barber of Little Rock,2021 ,1h 25m,TV-MA,337,6.5
Nai Nai & Wài Pó,2021 ,1h 25m,TV-MA,114,7.2
Break Point,2021 ,1h 25m,TV-MA,4.1K,7.3
Ibelin,2021 ,1h 25m,TV-MA,75,8.8
Super/Man: The Christopher Reeve Story,2021 ,1h 25m,TV-MA,25,8.1
Bitconned,2024,1h 33m,TV-MA,2.1K,6.5
Jacqueline Novak: Get on Your Knees,2021 ,1h 25m,TV-MA,331,6.4
Planet Earth II,2021 ,1h 25m,TV-MA,156K,9.5
Mayday,2021 ,1h 25m,TV-MA,5.7K,8.8
Curry & Cyanide: The Jolly Joseph Case,2021 ,1h 25m,TV-MA,3K,6.7
Mommy Dead and Dearest,2017,1h 22m,TV-MA,12K,7.4
Mister Organ,2021 ,1h 25m,TV-MA,864,6.7
Bad Surgeon: Love Under the Knife,2021 ,1h 25m,TV-MA,3.5K,7.2
The Last Dance,2021 ,1h 25m,TV-MA,148K,9.1
World War II: From the Frontlines,2021 ,1h 25m,TV-MA,4.1K,8.2
The Playboy Murders,2023 ,not available,not available,263,6.5
Trafficked with Mariana Van Zeller,2021 ,1h 25m,TV-MA,1.2K,8.4
American Nightmare,2019 ,not available,not available,78,7.4
Griselda,2021 ,1h 25m,TV-MA,11K,7.5
Oppenheimer,2023,3h,R,619K,8.4
The Hill,2023,2h 6m,PG,3.2K,6.7
Ferrari,2023,2h 10m,R,20K,6.6
12th Fail,2021 ,1h 25m,TV-MA,92K,9.2
Maestro,2023,2h 9m,R,42K,6.7
Napoleon,2023,2h 38m,R,101K,6.5
The Iron Claw,2023,2h 12m,R,16K,8.1
The Crown,2021 ,1h 25m,TV-MA,252K,8.6
The Boys in the Boat,2023,2h 3m,PG-13,8.1K,7.0
Dumb Money,2023,1h 45m,R,30K,6.9
Feud,2021 ,1h 25m,TV-MA,22K,8.4
Nyad,2023,2h 1m,PG-13,22K,7.1
The Favourite,2018,1h 59m,R,222K,7.5
Bob Marley: One Love,2024,1h 44m,PG-13,not available,not available
Priscilla,2023,1h 53m,R,21K,6.7
Sound of Freedom,2023,2h 11m,PG-13,105K,7.7
Alive,1993,2h 8m,R,63K,7.1
One Life,2023,1h 50m,PG,4.3K,7.7
Rustin,2023,1h 46m,PG-13,6.6K,6.6
The Wolf of Wall Street,2013,3h,R,1.6M,8.2
Mr Bates vs. The Post Office,2024,not available,not available,7K,8.7
Shindleris sia,1993,3h 15m,R,1.4M,9.0
Spartacus: Blood and Sand,2021 ,1h 25m,TV-MA,254K,8.5
Black Bird,2021 ,1h 25m,TV-MA,99K,8.1
The Act,2021 ,1h 25m,TV-MA,37K,7.9
Narcos,2021 ,1h 25m,TV-MA,463K,8.8
Bastarden,2023,2h 7m,R,8.7K,7.7
Erin Brockovich,2000,2h 11m,R,217K,7.4
Elvis,2022,2h 39m,PG-13,227K,7.3
Tombstone,1993,2h 10m,R,164K,7.8
Goodfellas,1990,2h 25m,R,1.2M,8.7
The Great,2021 ,1h 25m,TV-MA,53K,8.2
The New Look,2024 ,not available,not available,not available,not available
Braveheart,1995,2h 58m,R,1.1M,8.3
House of Gucci,2021,2h 38m,R,157K,6.6
Julia,2021 ,1h 25m,TV-MA,12K,8.3
Our Flag Means Death,2021 ,1h 25m,TV-MA,41K,7.8
The Crowded Room,2021 ,1h 25m,TV-MA,30K,7.7
Ford v Ferrari,2019,2h 32m,PG-13,455K,8.1
The King,2019,2h 20m,R,149K,7.3
The Greatest Showman,2017,1h 45m,PG,306K,7.5
Cristóbal Balenciaga,2021 ,1h 25m,TV-MA,488,7.7
Jerry & Marge Go Large,2022,1h 36m,PG-13,23K,6.9
Mtsvane Tsigni,2018,2h 10m,PG-13,554K,8.2
BlackBerry,2023,2h,R,34K,7.4
The Long Shadow,2021 ,1h 25m,TV-MA,5.9K,7.8
Sam Bahadur,2021 ,1h 25m,TV-MA,11K,8.0
Love & Death,2021 ,1h 25m,TV-MA,35K,7.5
Viski tango foqstrori,2016,1h 52m,R,56K,6.6
True Detective,2021 ,1h 25m,TV-MA,630K,8.9
Saltburn,2023,2h 11m,R,152K,7.1
Poor Things,2023,2h 21m,R,60K,8.4
Reacher,2021 ,1h 25m,TV-MA,193K,8.1
Fargo,2021 ,1h 25m,TV-MA,411K,8.9
Masters of the Air,2021 ,1h 25m,TV-MA,5.1K,8.0
Griselda,2021 ,1h 25m,TV-MA,11K,7.5
The Bear,2021 ,1h 25m,TV-MA,190K,8.6
Fool Me Once,2021 ,1h 25m,TV-MA,39K,6.8
Killers of the Flower Moon,2023,3h 26m,R,186K,7.7
The Holdovers,2023,2h 13m,R,77K,8.0
Hazbin Hotel,2021 ,1h 25m,TV-MA,11K,7.7
Oppenheimer,2023,3h,R,619K,8.4
Yellowstone,2021 ,1h 25m,TV-MA,207K,8.7
Boy Swallows Universe,2021 ,1h 25m,TV-MA,10K,8.1
La sociedad de la nieve,2023,2h 24m,R,79K,7.9
The Zone of Interest,2023,1h 45m,PG-13,8.1K,7.9
Anatomie d'une chute,2023,2h 31m,R,52K,7.8
Lift,2024,1h 47m,PG-13,27K,5.5
Avatar: The Last Airbender,2021 ,1h 25m,TV-MA,not available,not available
The Kitchen,2023,1h 47m,R,5.2K,4.9
Succession,2021 ,1h 25m,TV-MA,259K,8.9
Loudermilk,2021 ,1h 25m,TV-MA,12K,7.9
Death and Other Details,2021 ,1h 25m,TV-MA,2.7K,7.0
Samefo Karis Tamashebi,2021 ,1h 25m,TV-MA,2.3M,9.2
The Hill,2023,2h 6m,PG,3.2K,6.7
American Fiction,2023,1h 57m,R,8K,7.9
Echo,2021 ,1h 25m,TV-MA,27K,6.1
Sopranos klani,2021 ,1h 25m,TV-MA,458K,9.2
Ferrari,2023,2h 10m,R,20K,6.6
All of Us Strangers,2023,1h 45m,R,9.2K,8.0
The Brothers Sun,2021 ,1h 25m,TV-MA,15K,7.7
The Boys,2021 ,1h 25m,TV-MA,627K,8.7
The Creator,2023,2h 13m,PG-13,131K,6.8
12th Fail,2021 ,1h 25m,TV-MA,92K,9.2
Suits,2021 ,1h 25m,TV-MA,468K,8.4
Animal,2021 ,1h 25m,TV-MA,73K,6.5
Doctor Who,2021 ,1h 25m,TV-MA,244K,8.6
Grey's Anatomy,2021 ,1h 25m,TV-MA,336K,7.6
Maestro,2023,2h 9m,R,42K,6.7
Shameless,2021 ,1h 25m,TV-MA,277K,8.5
Breaking Bad,2021 ,1h 25m,TV-MA,2.1M,9.5
Napoleon,2023,2h 38m,R,101K,6.5
Slow Horses,2021 ,1h 25m,TV-MA,63K,8.1
Beef,2021 ,1h 25m,TV-MA,124K,8.0
The Walking Dead,2021 ,1h 25m,TV-MA,1.1M,8.1
Past Lives,2023,1h 45m,PG-13,72K,7.9
The Iron Claw,2023,2h 12m,R,16K,8.1
Expats,2021 ,1h 25m,TV-MA,1.1K,6.0
For All Mankind,2021 ,1h 25m,TV-MA,64K,8.1
Stage Fright,1950,1h 50m,Approved,16K,7.0
The Night of the Hunter,1955,1h 32m,Not Rated,96K,8.0
Sunset Blvd.,1950,1h 50m,Passed,234K,8.4
The Maltese Falcon,1941,1h 40m,Passed,165K,8.0
Thunder Road,1958,1h 32m,Approved,4.5K,6.6
Nora Prentiss,1947,1h 51m,Passed,2K,7.1
The Third Man,1949,1h 44m,Approved,180K,8.1
Rebecca,1940,2h 10m,Approved,145K,8.1
Repeat Performance,1947,1h 31m,Approved,1.9K,6.8
Double Indemnity,1944,1h 47m,Passed,166K,8.3
Hangmen Also Die!,1943,2h 14m,Passed,6.3K,7.4
Notorious,1946,1h 42m,Not Rated,106K,7.9
Violent Saturday,1955,1h 30m,Not Rated,2.8K,6.9
The Big Sleep,1946,1h 54m,Passed,90K,7.9
Touch of Evil,1958,1h 35m,PG-13,109K,8.0
Strangers on a Train,1951,1h 41m,PG,140K,7.9
The Killing,1956,1h 24m,Approved,96K,7.9
Not as a Stranger,1955,2h 15m,Passed,2.5K,6.7
Mildred Pierce,1945,1h 51m,Approved,28K,7.9
Kiss of Death,1947,1h 39m,Approved,9.4K,7.4
Out of the Past,1947,1h 37m,Approved,40K,8.0
Gilda,1946,1h 50m,Approved,35K,7.6
Road House,1948,1h 35m,Passed,3.1K,7.2
Scarface,1932,1h 33m,PG,30K,7.7
Shadow of a Doubt,1943,1h 48m,Passed,70K,7.8
To Have and Have Not,1944,1h 40m,Passed,38K,7.8
Laura,1944,1h 28m,Passed,51K,7.9
Spellbound,1945,1h 51m,Approved,52K,7.5
The Killers,1946,1h 43m,Passed,23K,7.7
Suspicion,1941,1h 39m,Approved,42K,7.3
Fury,1936,1h 32m,Not Rated,14K,7.8
The Asphalt Jungle,1950,1h 52m,Passed,30K,7.8
Key Largo,1948,1h 40m,Approved,44K,7.7
The Stranger,1946,1h 35m,Passed,28K,7.3
Girls in Prison,2021 ,1h 25m,TV-MA,325,5.3
I Love Trouble,1948,1h 33m,Passed,1K,6.7
The Lady from Shanghai,1947,1h 27m,Not Rated,33K,7.5
In a Lonely Place,1950,1h 34m,Not Rated,35K,7.9
Island of Lost Souls,1932,1h 10m,Passed,11K,7.4
Suddenly,1954,1h 17m,Unrated,7.3K,6.8
Dark Passage,1947,1h 46m,Passed,22K,7.5
Sweet Smell of Success,1957,1h 36m,Approved,35K,8.0
Niagara,1953,1h 32m,Not Rated,20K,7.0
The Big Heat,1953,1h 29m,Passed,29K,7.9
Scarlet Street,1945,1h 42m,Approved,19K,7.7
Nightmare Alley,1947,1h 50m,Passed,13K,7.7
Angels with Dirty Faces,1938,1h 37m,Passed,23K,7.9
Kiss Me Deadly,1955,1h 46m,Not Rated,22K,7.5
The Lost Weekend,1945,1h 41m,Passed,40K,7.9
Leave Her to Heaven,1945,1h 50m,Passed,15K,7.6
Wonka,2023,1h 56m,PG,82K,7.2
Percy Jackson and the Olympians,2021 ,1h 25m,TV-MA,22K,7.3
Avatar: The Last Airbender,2021 ,1h 25m,TV-MA,not available,not available
Migration,2023,1h 23m,PG,10K,6.7
Wish,2023,1h 35m,PG,18K,5.7
Kimitachi wa dô ikiru ka,2023,2h 4m,PG-13,39K,7.6
Spider-Man: Across the Spider-Verse,2023,2h 20m,PG,340K,8.6
Masters of the Universe: Revolution,2021 ,1h 25m,TV-MA,1.4K,7.8
Trolls Band Together,2023,1h 31m,PG,10K,6.0
Harry Potter and the Sorcerer's Stone,2001,2h 32m,PG,847K,7.6
Avatar: The Last Airbender,2021 ,1h 25m,TV-MA,354K,9.3
The Super Mario Bros. Movie,2023,1h 32m,PG,227K,7.0
Mary Poppins,1964,2h 19m,G,184K,7.8
Percy Jackson & the Olympians: The Lightning Thief,2010,1h 58m,PG,201K,5.9
Charlie and the Chocolate Factory,2005,1h 55m,PG,522K,6.7
Willy Wonka & the Chocolate Factory,1971,1h 40m,G,223K,7.8
Elemental,2023,1h 41m,PG,114K,7.0
Bluey,2021 ,1h 25m,TV-MA,24K,9.4
Kung Fu Panda 4,2024,1h 34m,PG,not available,not available
Leo,2023,1h 42m,PG,30K,7.0
Malcolm in the Middle,2021 ,1h 25m,TV-MA,141K,8.2
How to Train Your Dragon,2025,not available,not available,not available,not available
The Princess Bride,1987,1h 38m,PG,447K,8.0
Cats,2019,1h 50m,PG,55K,2.8
Sen to Chihiro no kamikakushi,2001,2h 5m,PG,834K,8.6
Nimona,2023,1h 41m,PG,39K,7.5
Doctor Who,2021 ,1h 25m,TV-MA,39K,8.4
Teenage Mutant Ninja Turtles: Mutant Mayhem,2023,1h 39m,PG,57K,7.2
Heartland,2021 ,1h 25m,TV-MA,19K,8.5
Harry Potter and the Goblet of Fire,2005,2h 37m,PG-13,674K,7.7
The Little Mermaid,2023,2h 15m,PG,152K,7.2
Cars,2006,1h 57m,G,461K,7.2
Soul,2020,1h 40m,PG,372K,8.0
The Goonies,1985,1h 54m,PG,295K,7.7
Sonic the Hedgehog 3,2024,not available,not available,not available,not available
"Narnias kronikebi: Lomi, jadokari da karada",2005,2h 23m,PG,424K,6.9
Little House on the Prairie,2021 ,1h 25m,TV-MA,26K,7.5
Sing 2,2021,1h 50m,PG,85K,7.4
Encanto,2021,1h 42m,PG,256K,7.2
The Lion King,1994,1h 28m,G,1.1M,8.5
The Last Airbender,2010,1h 43m,PG,171K,4.0
Spider-Man: Into the Spider-Verse,2018,1h 57m,PG,656K,8.4
Harry Potter and the Deathly Hallows - Part 2,2011,2h 10m,PG-13,937K,8.1
Home Alone,1990,1h 43m,PG,647K,7.7
Fantastic Beasts: The Secrets of Dumbledore,2022,2h 22m,PG-13,166K,6.2
SpongeBob SquarePants,2021 ,1h 25m,TV-MA,110K,8.2
Hauru no ugoku shiro,2004,1h 59m,PG,439K,8.2
Harry Potter and the Prisoner of Azkaban,2004,2h 22m,PG,683K,7.9
Batman: The Animated Series,2021 ,1h 25m,TV-MA,115K,9.0
A Bug's Life,1998,1h 35m,G,311K,7.2
Wonka,2023,1h 56m,PG,82K,7.2
Hazbin Hotel,2021 ,1h 25m,TV-MA,11K,7.7
Percy Jackson and the Olympians,2021 ,1h 25m,TV-MA,22K,7.3
Avatar: The Last Airbender,2021 ,1h 25m,TV-MA,not available,not available
Barbie,2023,1h 54m,PG-13,480K,6.9
Aquaman and the Lost Kingdom,2023,2h 4m,PG-13,45K,5.8
Samefo Karis Tamashebi,2021 ,1h 25m,TV-MA,2.3M,9.2
All of Us Strangers,2023,1h 45m,R,9.3K,8.0
Zebunebrivi,2021 ,1h 25m,TV-MA,477K,8.4
Migration,2023,1h 23m,PG,10K,6.7
Stranger Things,2021 ,1h 25m,TV-MA,1.3M,8.7
The Marvels,2023,1h 45m,PG-13,83K,5.6
Wish,2023,1h 35m,PG,18K,5.7
Rebel Moon - Part One: A Child of Fire,2023,2h 13m,PG-13,94K,5.6
House of the Dragon,2021 ,1h 25m,TV-MA,359K,8.4
Hanu Man,2021 ,1h 25m,TV-MA,16K,8.6
Legenda tarzanze,2016,1h 50m,PG-13,187K,6.2
Shingeki no Kyojin,2021 ,1h 25m,TV-MA,493K,9.1
Kimitachi wa dô ikiru ka,2023,2h 4m,PG-13,39K,7.6
Ore dake Level Up na Ken,2021 ,1h 25m,TV-MA,5.7K,8.5
One Piece: Wan pîsu,2021 ,1h 25m,TV-MA,221K,8.9
Jujutsu Kaisen,2021 ,1h 25m,TV-MA,105K,8.6
Invincible,2021 ,1h 25m,TV-MA,189K,8.7
The Witcher,2021 ,1h 25m,TV-MA,563K,8.0
Outlander,2021 ,1h 25m,TV-MA,177K,8.4
Spider-Man: Across the Spider-Verse,2023,2h 20m,PG,340K,8.6
Dakargulebi,2021 ,1h 25m,TV-MA,588K,8.3
Masters of the Universe: Revolution,2021 ,1h 25m,TV-MA,1.4K,7.8
Trolls Band Together,2023,1h 31m,PG,10K,6.0
Daredevil,2021 ,1h 25m,TV-MA,469K,8.6
Everything Everywhere All at Once,2022,2h 19m,R,512K,7.8
The Mandalorian,2021 ,1h 25m,TV-MA,577K,8.7
The Vampire Diaries,2021 ,1h 25m,TV-MA,345K,7.7
The Wheel of Time,2021 ,1h 25m,TV-MA,135K,7.2
Harry Potter and the Sorcerer's Stone,2001,2h 32m,PG,847K,7.6
Avatar: The Last Airbender,2021 ,1h 25m,TV-MA,354K,9.3
Lucifer,2021 ,1h 25m,TV-MA,351K,8.1
One Piece,2021 ,1h 25m,TV-MA,139K,8.4
Bechdebis mbrdzanebeli: Bechdis sadzmo,2001,2h 58m,PG-13,2M,8.9
"Yijae, Got Jookseummida",2023 ,not available,not available,6.3K,8.7
My Demon,2021 ,1h 25m,TV-MA,5.8K,7.8
Wednesday,2021 ,1h 25m,TV-MA,350K,8.1
The Lord of the Rings: The Rings of Power,2021 ,1h 25m,TV-MA,347K,7.0
Buffy the Vampire Slayer,2021 ,1h 25m,TV-MA,158K,8.3
Mortal Kombat 2,,not available,not available,not available,not available
The Super Mario Bros. Movie,2023,1h 32m,PG,227K,7.0
Star Wars: The Bad Batch,2021 ,1h 25m,TV-MA,49K,7.8
Loki,2021 ,1h 25m,TV-MA,404K,8.2
Ghostbusters: Afterlife,2021,2h 4m,PG-13,208K,7.1
Ahsoka,2021 ,1h 25m,TV-MA,104K,7.6
Killers of the Flower Moon,2023,3h 26m,R,186K,7.7
Oppenheimer,2023,3h,R,619K,8.4
La sociedad de la nieve,2023,2h 24m,R,79K,7.9
The Zone of Interest,2023,1h 45m,PG-13,8.1K,7.9
Ferrari,2023,2h 10m,R,21K,6.6
Maestro,2023,2h 9m,R,42K,6.7
Napoleon,2023,2h 38m,R,101K,6.5
The Crown,2021 ,1h 25m,TV-MA,252K,8.6
The Artful Dodger,2021 ,1h 25m,TV-MA,6.7K,8.0
Band of Brothers,2021 ,1h 25m,TV-MA,515K,9.4
The Favourite,2018,1h 59m,R,222K,7.5
Vikings,2021 ,1h 25m,TV-MA,573K,8.5
Blue Eye Samurai,2021 ,1h 25m,TV-MA,52K,8.8
Origin,2023,2h 21m,PG-13,1.8K,7.3
Sound of Freedom,2023,2h 11m,PG-13,105K,7.7
Bodies,2021 ,1h 25m,TV-MA,48K,7.3
One Life,2023,1h 50m,PG,4.3K,7.7
Call the Midwife,2021 ,1h 25m,TV-MA,31K,8.6
Rustin,2023,1h 46m,PG-13,6.6K,6.6
Shindleris sia,1993,3h 15m,R,1.4M,9.0
All the Light We Cannot See,2021 ,1h 25m,TV-MA,40K,7.5
Shôgun,2021 ,1h 25m,TV-MA,not available,not available
The Last Kingdom,2021 ,1h 25m,TV-MA,163K,8.5
Chernobyl,2021 ,1h 25m,TV-MA,846K,9.3
The Chosen,2021 ,1h 25m,TV-MA,44K,9.2
Babylon,2022,3h 9m,R,161K,7.1
The Good Shepherd,2006,2h 47m,R,108K,6.7
The Book of Clarence,2023,2h 9m,PG-13,1.9K,6.0
The Pacific,2021 ,1h 25m,TV-MA,126K,8.3
Bastarden,2023,2h 7m,R,8.7K,7.7
Tombstone,1993,2h 10m,R,164K,7.8
The Great,2021 ,1h 25m,TV-MA,53K,8.2
Gyeongseong Creature,2021 ,1h 25m,TV-MA,7.7K,7.3
El conde,2023,1h 50m,R,8.9K,6.4
Deadwood,2021 ,1h 25m,TV-MA,116K,8.6
Dunkirk,2017,1h 46m,PG-13,727K,7.8
The New Look,2024 ,not available,not available,not available,not available
Braveheart,1995,2h 58m,R,1.1M,8.3
Vikings: Valhalla,2021 ,1h 25m,TV-MA,55K,7.3
Apollo 13,1995,2h 20m,PG,312K,7.7
The Northman,2022,2h 17m,R,247K,7.0
The Tudors,2021 ,1h 25m,TV-MA,80K,8.1
Vinland Saga,2021 ,1h 25m,TV-MA,67K,8.8
Our Flag Means Death,2021 ,1h 25m,TV-MA,41K,7.8
The King,2019,2h 20m,R,149K,7.3
Kingdom of Heaven,2005,2h 24m,R,310K,7.3
Cristóbal Balenciaga,2021 ,1h 25m,TV-MA,488,7.7
BlackBerry,2023,2h,R,34K,7.4
The Long Shadow,2021 ,1h 25m,TV-MA,5.9K,7.8
Hacksaw Ridge,2016,2h 19m,R,583K,8.1
Killers of the Flower Moon,2023,3h 26m,R,186K,7.7
Yellowstone,2021 ,1h 25m,TV-MA,207K,8.7
1883,2021 ,1h 25m,TV-MA,110K,8.7
1923,2021 ,1h 25m,TV-MA,50K,8.3
Justified,2021 ,1h 25m,TV-MA,117K,8.6
Lawmen: Bass Reeves,2021 ,1h 25m,TV-MA,9K,7.5
Cowboys & Aliens,2011,1h 59m,PG-13,231K,6.0
Tombstone,1993,2h 10m,R,164K,7.8
Bad Girls,1994,1h 39m,R,13K,5.2
The Revenant,2015,2h 36m,R,862K,8.0
Gunsmoke,2021 ,1h 25m,TV-MA,8.5K,8.1
Deadwood,2021 ,1h 25m,TV-MA,116K,8.6
Django Unchained,2012,2h 45m,R,1.7M,8.5
Hell or High Water,2016,1h 42m,R,249K,7.6
Little House on the Prairie,2021 ,1h 25m,TV-MA,26K,7.5
Wind River,2017,1h 47m,R,277K,7.7
The Hateful Eight,2015,2h 48m,R,651K,7.8
Blazing Saddles,1974,1h 33m,R,150K,7.7
"Kargi, cudi, boroti",1966,2h 41m,Approved,802K,8.8
Shane,1953,1h 58m,Not Rated,44K,7.6
Longmire,2021 ,1h 25m,TV-MA,39K,8.3
Bone Tomahawk,2015,2h 12m,Not Rated,116K,7.1
Dances with Wolves,1990,3h 1m,PG-13,287K,8.0
Godless,2021 ,1h 25m,TV-MA,77K,8.2
"Walker, Texas Ranger",2021 ,1h 25m,TV-MA,19K,5.6
Joe Pickett,2021 ,1h 25m,TV-MA,9.8K,7.7
Sulis simtkitse,2010,1h 50m,PG-13,355K,7.6
The Magnificent Seven,2016,2h 12m,PG-13,226K,6.9
Walker,2021 ,1h 25m,TV-MA,15K,6.2
The Ballad of Buster Scruggs,2018,2h 13m,R,165K,7.2
Faraway Downs,2023,not available,not available,2.5K,6.9
The English,2021 ,1h 25m,TV-MA,28K,7.8
Ride,2021 ,1h 25m,TV-MA,785,6.4
Hostiles,2017,2h 14m,R,94K,7.2
Malaikottai Vaaliban,2021 ,1h 25m,TV-MA,2K,7.0
Unforgiven,1992,2h 10m,R,432K,8.2
Legends of the Fall,1994,2h 13m,R,180K,7.5
Tin Man,2021 ,1h 25m,TV-MA,14K,7.0
Rust,,not available,not available,not available,not available
Bonanza,2021 ,1h 25m,TV-MA,11K,7.3
C'era una volta il West,1968,2h 46m,PG-13,346K,8.5
Death Rider in the House of Vampires,2021,1h 32m,Not Rated,259,3.8
El Dorado,1966,2h 6m,Passed,30K,7.5
The Power of the Dog,2021,2h 6m,R,191K,6.8
Billy the Kid,2021 ,1h 25m,TV-MA,6.9K,7.3
Wagon Train,2021 ,1h 25m,TV-MA,3.7K,7.5
Desperado,1995,1h 44m,R,196K,7.1
Hell on Wheels,2021 ,1h 25m,TV-MA,55K,8.3
High Plains Drifter,1973,1h 45m,R,63K,7.4
The Ranch,2021 ,1h 25m,TV-MA,42K,7.5
The Wonderful Story of Henry Sugar,2023,37m,PG,56K,7.4
"Love, Death & Robots",2021 ,1h 25m,TV-MA,192K,8.4
Hotel Desire,2011,38m,TV-MA,4.6K,5.6
The Last Repair Shop,2021 ,1h 25m,TV-MA,656,7.2
The After,2023,18m,TV-MA,1.9K,6.2
The Court Jester,2021 ,1h 25m,TV-MA,175,6.8
Backstroke,2021 ,1h 25m,TV-MA,664,6.3
"Red, White and Blue",2021 ,1h 25m,TV-MA,359,7.1
Phineas and Ferb,2021 ,1h 25m,TV-MA,55K,8.1
Vlihi,2021 ,1h 25m,TV-MA,249,7.8
The Karman Line,2014,24m,TV-PG,423,7.9
Extraña forma de vida,2023,31m,R,7.3K,6.3
Bob Hearts Abishola,2021 ,1h 25m,TV-MA,5.3K,7.0
The Amazing World of Gumball,2021 ,1h 25m,TV-MA,40K,8.3
Ridder Lykke,2021 ,1h 25m,TV-MA,474,7.1
The Barber of Little Rock,2021 ,1h 25m,TV-MA,337,6.5
Nai Nai & Wài Pó,2021 ,1h 25m,TV-MA,114,7.2
Mean Girls Reunion,2020,not available,not available,146,7.2
The Batman: Deleted Arkham Scene,2021 ,1h 25m,TV-MA,17K,8.2
Poison,2023,17m,PG,18K,6.8
Peppa Pig,2021 ,1h 25m,TV-MA,6.4K,6.3
Steven Universe,2021 ,1h 25m,TV-MA,39K,8.2
Ninety-Five Senses,2021 ,1h 25m,TV-MA,422,7.4
WAR IS OVER! Inspired by the Music of John and Yoko,2021 ,1h 25m,TV-MA,144,6.6
Invincible,2021 ,1h 25m,TV-MA,341,7.2
Once Upon a Studio,2023,9m,G,6.2K,8.4
The Strange Thing About the Johnsons,2021 ,1h 25m,TV-MA,9.4K,7.1
Over the Garden Wall,2021 ,1h 25m,TV-MA,69K,8.8
Nimic,2019,12m,Not Rated,7.7K,6.6
The Loud House,2021 ,1h 25m,TV-MA,8.1K,7.0
Letter to a Pig,2021 ,1h 25m,TV-MA,363,6.9
Fallen Tree,2021 ,1h 25m,TV-MA,335,6.4
Teen Titans Go!,2021 ,1h 25m,TV-MA,24K,5.5
The Shepherd,2023,38m,PG,3.9K,6.2
Home Movie: The Princess Bride,2021 ,1h 25m,TV-MA,1.8K,7.9
Tales of the Jedi,2021 ,1h 25m,TV-MA,33K,8.2
Back to the Future Part IV: Back in Timeline,2021 ,1h 25m,TV-MA,69,5.6
True Detective: Matthew McConaughey Out Takes,2021 ,1h 25m,TV-MA,227,8.7
Robot Chicken,2021 ,1h 25m,TV-MA,46K,7.7
Pachyderme,2021 ,1h 25m,TV-MA,508,7.0
The ABCs of Book Banning,2021 ,1h 25m,TV-MA,292,6.5
Smiling Friends,2021 ,1h 25m,TV-MA,13K,8.5
The Swan,2023,17m,PG,17K,6.8
Most Dangerous Game,2021 ,1h 25m,TV-MA,14K,6.6
The Rat Catcher,2023,17m,PG,17K,6.5
The Heart,2021 ,1h 25m,TV-MA,32,5.8
Night Swim,2021 ,1h 25m,TV-MA,321,5.8
The Ghost and Molly McGee,2021 ,1h 25m,TV-MA,1.8K,7.5
Star Wars: Visions,2021 ,1h 25m,TV-MA,24K,7.0
Our Uniform,2021 ,1h 25m,TV-MA,157,6.7
Last Week Tonight with John Oliver,2021 ,1h 25m,TV-MA,95K,8.9
The Daily Show,2021 ,1h 25m,TV-MA,48K,8.3
Beyond Utopia,2023,1h 55m,PG-13,2.2K,8.0
Dateline NBC,2021 ,1h 25m,TV-MA,3.3K,7.2
60 Minutes,2021 ,1h 25m,TV-MA,4.3K,7.5
20/20,2021 ,1h 25m,TV-MA,2.7K,6.7
What to Watch,2020 ,not available,not available,331,6.1
Real Time with Bill Maher,2021 ,1h 25m,TV-MA,14K,7.4
IMDb Originals,2021 ,1h 25m,TV-MA,1.2K,7.1
Entertainment Tonight,1981 ,not available,not available,2.7K,3.6
Weather Report,2005 ,not available,not available,981,9.3
Good Morning America,2021 ,1h 25m,TV-MA,2K,4.5
Today,2021 ,1h 25m,TV-MA,2.4K,4.6
Frontline,2021 ,1h 25m,TV-MA,2.3K,8.6
Best in Sex: 2015 AVN Awards,2015,1h 34m,18+,221,4.3
The Drew Barrymore Show,2021 ,1h 25m,TV-MA,958,5.1
The Talk,2021 ,1h 25m,TV-MA,2.4K,3.2
Sex Before the Internet,2021 ,1h 25m,TV-MA,54,6.3
The Daily Bugle,2021 ,1h 25m,TV-MA,312,6.0
A Storm Foretold,2021 ,1h 25m,TV-MA,460,7.6
Before the Flood,2016,1h 36m,PG,29K,8.2
CBS News Sunday Morning,2021 ,1h 25m,TV-MA,1.1K,7.9
Have I Got News for You,1990 ,not available,not available,5.4K,7.9
2011 AVN Awards Show,2021 ,1h 25m,TV-MA,68,5.2
Adam Ruins Everything,2021 ,1h 25m,TV-MA,7.4K,8.1
The Doctors,2021 ,1h 25m,TV-MA,1K,4.7
IMDb on the Scene,2021 ,1h 25m,TV-MA,561,6.4
While We Watched,2021 ,1h 25m,TV-MA,2.2K,8.6
The Oprah Winfrey Show,2021 ,1h 25m,TV-MA,5.4K,5.1
Morning Joe,2007 ,not available,not available,1.3K,4.3
This Hour Has 22 Minutes,2021 ,1h 25m,TV-MA,970,7.0
Best in Sex: 2017 AVN Awards,2017,1h 27m,18+,242,5.1
Naked News,2021 ,1h 25m,TV-MA,853,6.6
Fox & Friends,1998 ,not available,not available,2.4K,3.0
Indian Matchmaking,2021 ,1h 25m,TV-MA,4.4K,6.3
The Last Leg,2021 ,1h 25m,TV-MA,1.7K,7.1
AVN Awards 2014,2014,1h 22m,R,154,5.3
Access Hollywood,2021 ,1h 25m,TV-MA,911,3.2
Attack of the Show!,2021 ,1h 25m,TV-MA,2.4K,7.8
This Morning,1988 ,not available,not available,874,4.5
"Food, Inc.",2008,1h 34m,PG,52K,7.8
The Boys: VNN (Seven on 7),20212022,not available,not available,157,7.1
Eva Longoria: Searching for Mexico,2023 ,not available,not available,257,7.4
The Pat McAfee Show,2017 ,not available,not available,128,7.0
Nudes in the News,2002 ,not available,not available,18,3.6
TMZ Live,2011 ,not available,not available,210,3.4
Extra,2021 ,1h 25m,TV-MA,948,3.2
The 7PM Project,2009 ,not available,not available,858,4.4
The Greg Gutfeld Show,2021 ,1h 25m,TV-MA,1.2K,6.1
Faking It: Tears of a Crime,2017 ,not available,not available,125,6.7
The Traitors,2021 ,1h 25m,TV-MA,2.8K,7.6
The Traitors UK,2021 ,1h 25m,TV-MA,4.3K,8.8
Love on the Spectrum U.S.,2021 ,1h 25m,TV-MA,2.4K,8.2
Love on the Spectrum,2021 ,1h 25m,TV-MA,7.1K,8.6
Pawn Stars,2021 ,1h 25m,TV-MA,18K,7.2
Naked Attraction,2016 ,not available,not available,1.9K,5.4
On the Roam,2024 ,not available,not available,146,6.8
Queer Eye,2021 ,1h 25m,TV-MA,21K,8.5
Vanderpump Rules,2021 ,1h 25m,TV-MA,3.8K,6.1
The Trust: A Game of Greed,2021 ,1h 25m,TV-MA,738,6.2
RuPaul's Drag Race,2021 ,1h 25m,TV-MA,23K,8.5
Clarkson's Farm,2021 ,1h 25m,TV-MA,54K,9.0
Survivor,2021 ,1h 25m,TV-MA,27K,7.5
The Real Housewives of Beverly Hills,2021 ,1h 25m,TV-MA,7.3K,5.5
Below Deck,2021 ,1h 25m,TV-MA,4.8K,7.5
Below Deck Mediterranean,2021 ,1h 25m,TV-MA,3.7K,7.6
The Challenge,2021 ,1h 25m,TV-MA,4.2K,8.1
Love is Blind: Sverige,2021 ,1h 25m,TV-MA,314,6.2
Hell's Kitchen,2021 ,1h 25m,TV-MA,23K,7.2
Love Island,2021 ,1h 25m,TV-MA,4.5K,5.3
The Traitors Australia,2021 ,1h 25m,TV-MA,972,8.0
The Curse of Oak Island,2021 ,1h 25m,TV-MA,6.5K,6.9
Gladiators,19922000,not available,not available,1.5K,6.5
Baddies East,2023 ,not available,not available,148,7.1
Impractical Jokers,2021 ,1h 25m,TV-MA,45K,8.6
The Real Housewives of Salt Lake City,2021 ,1h 25m,TV-MA,1.2K,6.5
Deal or No Deal Island,2024 ,not available,not available,16,4.7
Squid Game: The Challenge,2021 ,1h 25m,TV-MA,16K,5.8
Love Is Blind,2021 ,1h 25m,TV-MA,11K,6.2
The Bachelor,2021 ,1h 25m,TV-MA,7.5K,3.2
Chrissy & Dave Dine Out,2024 ,not available,not available,48,6.0
1000-lb Sisters,2021 ,1h 25m,TV-MA,1.2K,6.0
The Great British Bake Off,2021 ,1h 25m,TV-MA,13K,8.6
"Gordon, Gino & Fred's Road Trip",2018 ,not available,not available,2.1K,8.4
Kitchen Nightmares,2021 ,1h 25m,TV-MA,14K,7.5
Naked and Afraid,2021 ,1h 25m,TV-MA,4.9K,6.6
Gold Rush,2021 ,1h 25m,TV-MA,5.4K,7.3
Dance Moms,2021 ,1h 25m,TV-MA,6.9K,4.6
90 Day Fiancé,2021 ,1h 25m,TV-MA,2.5K,6.4
Alone,2021 ,1h 25m,TV-MA,7.2K,8.4
Love & Translation,2021 ,1h 25m,TV-MA,16,5.3
Selling Sunset,2021 ,1h 25m,TV-MA,8K,6.6
Mystery at Blind Frog Ranch,2021 ,1h 25m,TV-MA,796,6.0
MythBusters,2021 ,1h 25m,TV-MA,55K,8.3
The Millionaire Matchmaker,2021 ,1h 25m,TV-MA,1.5K,4.5
Southern Charm,2021 ,1h 25m,TV-MA,1.4K,6.5
Too Hot to Handle,2021 ,1h 25m,TV-MA,15K,4.7
Catching Kelce,2021 ,1h 25m,TV-MA,86,5.3
Dubai Bling,2021 ,1h 25m,TV-MA,2K,3.8
Sister Wives,2021 ,1h 25m,TV-MA,2.9K,4.5
The Hill,2023,2h 6m,PG,3.2K,6.7
The Iron Claw,2023,2h 12m,R,16K,8.1
The Boys in the Boat,2023,2h 3m,PG-13,8.1K,7.0
Ted Lasso,2021 ,1h 25m,TV-MA,334K,8.8
Nyad,2023,2h 1m,PG-13,22K,7.1
60 Minuten,2024,1h 28m,TV-MA,2.4K,5.7
The Underdoggs,2024,1h 36m,R,1.3K,5.5
Cobra Kai,2021 ,1h 25m,TV-MA,202K,8.5
One Tree Hill,2021 ,1h 25m,TV-MA,86K,7.8
Next Goal Wins,2023,1h 44m,PG-13,10K,6.5
Gran Turismo,2023,2h 14m,PG-13,82K,7.2
Warrior,2011,2h 20m,PG-13,494K,8.1
Friday Night Lights,2021 ,1h 25m,TV-MA,72K,8.7
Cars,2006,1h 57m,G,461K,7.2
Ford v Ferrari,2019,2h 32m,PG-13,455K,8.1
Air,2023,1h 51m,R,161K,7.4
The Basketball Diaries,1995,1h 42m,R,120K,7.3
Blue Mountain State,2021 ,1h 25m,TV-MA,57K,8.3
No One Would Tell,1996,1h 36m,TV-14,2.9K,6.6
Challengers,2021 ,1h 25m,TV-MA,not available,not available
2 Win,2024,1h 49m,R,1.3K,5.8
A League of Their Own,1992,2h 8m,PG,120K,7.3
"I, Tonya",2017,1h 59m,R,239K,7.5
Dodgeball: A True Underdog Story,2004,1h 32m,PG-13,265K,6.7
She's the Man,2006,1h 45m,PG-13,173K,6.4
Untitled Karate Kid Movie,2024,not available,not available,not available,not available
Shoresy,2021 ,1h 25m,TV-MA,7.5K,8.5
Caddyshack,1980,1h 38m,13+,126K,7.2
Six Nations: Full Contact,2021 ,1h 25m,TV-MA,383,7.7
Moneyball,2011,2h 13m,PG-13,458K,7.6
The Karate Kid,1984,2h 6m,PG,242K,7.3
Lady Ballers,2023,1h 52m,TV-14,10K,6.0
Ballers,2021 ,1h 25m,TV-MA,76K,7.8
Remember the Titans,2000,1h 53m,PG,230K,7.8
Rocky,1976,2h,PG,621K,8.1
Real Steel,2011,2h 7m,PG-13,352K,7.1
Champions,2023,2h 4m,PG-13,24K,6.8
The Grand Tour,2021 ,1h 25m,TV-MA,82K,8.7
Rush,2013,2h 3m,R,508K,8.1
Welcome to Wrexham,2021 ,1h 25m,TV-MA,19K,8.3
Happy Gilmore,1996,1h 32m,PG-13,244K,7.0
Talladega Nights: The Ballad of Ricky Bobby,2006,1h 48m,PG-13,197K,6.6
The Sandlot,1993,1h 41m,PG,101K,7.8
Mebrdzoli,2010,1h 56m,R,386K,7.8
Molly's Game,2017,2h 20m,R,185K,7.4
Raging Bull,1980,2h 9m,R,376K,8.1
Bring It On,2000,1h 38m,PG-13,104K,6.1
Jerry Maguire,1996,2h 19m,R,284K,7.3
Southpaw,2015,2h 4m,R,255K,7.3
The Waterboy,1998,1h 30m,PG-13,176K,6.1
In the Know,2024 ,not available,not available,255,6.7
The Grand Tour,2021 ,1h 25m,TV-MA,82K,8.7
Top Gear,2021 ,1h 25m,TV-MA,126K,8.7
Last Week Tonight with John Oliver,2021 ,1h 25m,TV-MA,95K,8.9
The Daily Show,2021 ,1h 25m,TV-MA,48K,8.3
Sesame Street,2021 ,1h 25m,TV-MA,15K,8.1
The Graham Norton Show,2021 ,1h 25m,TV-MA,13K,8.4
The Traitors: Uncloaked,2024 ,not available,not available,26,7.6
The Last Drive-In with Joe Bob Briggs,2021 ,1h 25m,TV-MA,1.8K,9.4
National Theatre Live: Dear England,2021 ,1h 25m,TV-MA,37,8.2
What to Watch,2020 ,not available,not available,331,6.1
Hot Ones,2021 ,1h 25m,TV-MA,2.1K,8.3
Real Time with Bill Maher,2021 ,1h 25m,TV-MA,14K,7.4
The Eric Andre Show,2021 ,1h 25m,TV-MA,22K,8.6
Comedians in Cars Getting Coffee,2021 ,1h 25m,TV-MA,13K,8.0
The View,2021 ,1h 25m,TV-MA,9.2K,2.5
The Tonight Show Starring Jimmy Fallon,2021 ,1h 25m,TV-MA,19K,7.1
Dr. Phil,2021 ,1h 25m,TV-MA,4.2K,3.8
Jimmy Kimmel Live!,2021 ,1h 25m,TV-MA,17K,6.5
Late Show with David Letterman,2021 ,1h 25m,TV-MA,14K,7.0
Nude Interviews,2011 ,not available,not available,159,5.7
Mystery Science Theater 3000,2021 ,1h 25m,TV-MA,4.1K,8.1
Koffee with Karan,2021 ,1h 25m,TV-MA,4.8K,6.4
The Late Show with Stephen Colbert,2021 ,1h 25m,TV-MA,15K,7.2
The Tonight Show Starring Johnny Carson,2021 ,1h 25m,TV-MA,4.2K,8.5
Made in Hollywood,2021 ,1h 25m,TV-MA,439,5.1
Entertainment Tonight,1981 ,not available,not available,2.7K,3.6
Late Night with Conan O'Brien,2021 ,1h 25m,TV-MA,19K,8.2
The Man Show,2021 ,1h 25m,TV-MA,3.7K,6.6
Good Morning America,2021 ,1h 25m,TV-MA,2K,4.5
Gutfeld!,20212024,not available,not available,1.5K,6.1
Ad Lucem,2023 ,not available,not available,69,7.8
Burning Questions,2021 ,not available,not available,93,6.7
The Patrick Star Show,2021 ,1h 25m,TV-MA,1.3K,3.5
The Critic,2021 ,1h 25m,TV-MA,9K,7.8
Today,2021 ,1h 25m,TV-MA,2.4K,4.6
Toast of the Town,2021 ,1h 25m,TV-MA,1.5K,7.9
Comedy Bang! Bang!,2021 ,1h 25m,TV-MA,4.6K,7.6
Wolverine,20182019,not available,not available,136,7.9
The Drew Barrymore Show,2021 ,1h 25m,TV-MA,958,5.1
Selena + Chef,2021 ,1h 25m,TV-MA,1.9K,8.4
Live with Kelly and Mark,2021 ,1h 25m,TV-MA,2.3K,4.6
The Foxes of Hydesville,2023 ,not available,not available,83,9.1
The Talk,2021 ,1h 25m,TV-MA,2.4K,3.2
Conan,2021 ,1h 25m,TV-MA,25K,8.2
The Tonight Show with Jay Leno,2021 ,1h 25m,TV-MA,11K,5.3
The Problem with Jon Stewart,2021 ,1h 25m,TV-MA,2.3K,7.3
In Real Life,2021 ,not available,not available,18,6.0
Ellen: The Ellen DeGeneres Show,2021 ,1h 25m,TV-MA,18K,6.6
Between Two Ferns with Zach Galifianakis,2021 ,1h 25m,TV-MA,9.5K,8.4
Poor Things,2023,2h 21m,R,60K,8.4
Killers of the Flower Moon,2023,3h 26m,R,186K,7.7
Anyone But You,2023,1h 43m,R,15K,6.7
All of Us Strangers,2023,1h 45m,R,9.3K,8.0
Grey's Anatomy,2021 ,1h 25m,TV-MA,336K,7.6
Maestro,2023,2h 9m,R,42K,6.7
Past Lives,2023,1h 45m,PG-13,72K,7.9
No Hard Feelings,2023,1h 43m,R,141K,6.4
Role Play,2023,1h 40m,R,10K,5.5
Friends,2021 ,1h 25m,TV-MA,1.1M,8.9
The Big Bang Theory,2021 ,1h 25m,TV-MA,857K,8.2
House of the Dragon,2021 ,1h 25m,TV-MA,359K,8.4
Tanamedrove ojakhi,2021 ,1h 25m,TV-MA,474K,8.5
Queen Bees,2021,1h 40m,PG-13,3.3K,6.3
Legenda tarzanze,2016,1h 50m,PG-13,187K,6.2
This Is Us,2021 ,1h 25m,TV-MA,156K,8.7
Vikings,2021 ,1h 25m,TV-MA,573K,8.5
Priscilla,2023,1h 53m,R,21K,6.7
You,2021 ,1h 25m,TV-MA,293K,7.7
Outlander,2021 ,1h 25m,TV-MA,177K,8.4
Sex Education,2021 ,1h 25m,TV-MA,344K,8.3
The Vampire Diaries,2021 ,1h 25m,TV-MA,345K,7.7
My Life with the Walter Boys,2021 ,1h 25m,TV-MA,9.4K,7.0
Love Lies Bleeding,2024,1h 44m,R,134,7.4
9 Songs,2004,1h 11m,Not Rated,24K,4.8
How I Met Your Mother,2021 ,1h 25m,TV-MA,721K,8.3
Castle,2021 ,1h 25m,TV-MA,173K,8.1
Spartacus: Blood and Sand,2021 ,1h 25m,TV-MA,254K,8.5
Downton Abbey,2021 ,1h 25m,TV-MA,222K,8.7
Two and a Half Men,2021 ,1h 25m,TV-MA,278K,7.1
ER,2021 ,1h 25m,TV-MA,67K,7.9
Asteroid City,2023,1h 45m,PG-13,102K,6.5
The Nest,2020,1h 47m,R,17K,6.3
My Demon,2021 ,1h 25m,TV-MA,5.8K,7.8
The Lobster,2015,1h 59m,R,286K,7.1
Buffy the Vampire Slayer,2021 ,1h 25m,TV-MA,158K,8.3
Love,2015,2h 15m,TV-MA,66K,6.1
Titanic,1997,3h 14m,PG-13,1.3M,7.9
Bridgerton,2021 ,1h 25m,TV-MA,163K,7.4
New Girl,2021 ,1h 25m,TV-MA,243K,7.8
Belgravia,2021 ,1h 25m,TV-MA,8.2K,7.5
True Blood,2021 ,1h 25m,TV-MA,258K,7.9
One Tree Hill,2021 ,1h 25m,TV-MA,86K,7.8
Once Upon a Time,2021 ,1h 25m,TV-MA,235K,7.7
Love on the Spectrum U.S.,2021 ,1h 25m,TV-MA,2.4K,8.2
Meet Joe Black,1998,2h 58m,PG-13,261K,7.2
Love on the Spectrum,2021 ,1h 25m,TV-MA,7.1K,8.6
Little Women,2019,2h 15m,PG,239K,7.8
Lisa Frankenstein,2024,1h 41m,PG-13,not available,not available
"Beverly Hills, 90210",2021 ,1h 25m,TV-MA,37K,6.5
Poor Things,2023,2h 21m,R,60K,8.4
The Kitchen,2023,1h 47m,R,5.2K,4.9
Aquaman and the Lost Kingdom,2023,2h 4m,PG-13,45K,5.8
Echo,2021 ,1h 25m,TV-MA,27K,6.1
The Boys,2021 ,1h 25m,TV-MA,627K,8.7
The Creator,2023,2h 13m,PG-13,131K,6.8
Doctor Who,2021 ,1h 25m,TV-MA,244K,8.6
For All Mankind,2021 ,1h 25m,TV-MA,64K,8.1
Rick and Morty,2021 ,1h 25m,TV-MA,591K,9.1
Godzila minus erti,2023,2h 4m,PG-13,42K,8.3
Spaceman,2024,1h 47m,R,not available,not available
Monarch: Legacy of Monsters,2021 ,1h 25m,TV-MA,30K,7.0
The Last of Us,2021 ,1h 25m,TV-MA,494K,8.8
Stranger Things,2021 ,1h 25m,TV-MA,1.3M,8.7
Madame Web,2024,1h 56m,PG-13,not available,not available
Rebel Moon - Part One: A Child of Fire,2023,2h 13m,PG-13,94K,5.6
Shavi Sarke,2021 ,1h 25m,TV-MA,629K,8.7
American Horror Story,2021 ,1h 25m,TV-MA,340K,8.0
I.S.S.,2023,1h 35m,R,1.9K,5.7
The Hunger Games: The Ballad of Songbirds & Snakes,2023,2h 37m,PG-13,92K,6.9
Dune: Part Two,2024,2h 46m,PG-13,not available,not available
Dune: Part One,2021,2h 35m,PG-13,751K,8.0
Deadpool 3,2024,not available,not available,not available,not available
Halo,2021 ,1h 25m,TV-MA,74K,7.2
Silo,2021 ,1h 25m,TV-MA,109K,8.1
Severance,2021 ,1h 25m,TV-MA,189K,8.7
Invincible,2021 ,1h 25m,TV-MA,189K,8.7
The X Files,2021 ,1h 25m,TV-MA,246K,8.6
Interstelari,2014,2h 49m,PG-13,2.1M,8.7
Spider-Man: Across the Spider-Verse,2023,2h 20m,PG,340K,8.6
Dakargulebi,2021 ,1h 25m,TV-MA,588K,8.3
Indiana Jones and the Dial of Destiny,2023,2h 34m,PG-13,186K,6.6
Masters of the Universe: Revolution,2021 ,1h 25m,TV-MA,1.4K,7.8
Daredevil,2021 ,1h 25m,TV-MA,469K,8.6
Everything Everywhere All at Once,2022,2h 19m,R,512K,7.8
Bodies,2021 ,1h 25m,TV-MA,48K,7.3
The Mandalorian,2021 ,1h 25m,TV-MA,577K,8.7
What If...?,2021 ,1h 25m,TV-MA,140K,7.4
Gen V,2021 ,1h 25m,TV-MA,78K,7.8
Foe,2023,1h 50m,R,7.6K,5.4
Star Trek: The Next Generation,2021 ,1h 25m,TV-MA,134K,8.7
La Brea,2021 ,1h 25m,TV-MA,16K,5.8
From,2021 ,1h 25m,TV-MA,63K,7.7
The Handmaid's Tale,2021 ,1h 25m,TV-MA,255K,8.4
Hwang-ya,2024,1h 47m,TV-MA,3.3K,6.0
Foundation,2021 ,1h 25m,TV-MA,92K,7.6
Asteroid City,2023,1h 45m,PG-13,102K,6.5
The Lobster,2015,1h 59m,R,286K,7.1
Smallville,2021 ,1h 25m,TV-MA,136K,7.5
Dasatskisi,2010,2h 28m,PG-13,2.5M,8.8
True Detective,2021 ,1h 25m,TV-MA,630K,8.9
Saltburn,2023,2h 11m,R,152K,7.1
Reacher,2021 ,1h 25m,TV-MA,193K,8.1
Fargo,2021 ,1h 25m,TV-MA,411K,8.9
Masters of the Air,2021 ,1h 25m,TV-MA,5.1K,8.0
Road House,2024,1h 54m,R,not available,not available
Fool Me Once,2021 ,1h 25m,TV-MA,39K,6.8
La sociedad de la nieve,2023,2h 24m,R,79K,7.9
Anatomie d'une chute,2023,2h 31m,R,52K,7.8
The Beekeeper,2024,1h 45m,R,22K,6.6
Lift,2024,1h 47m,PG-13,27K,5.5
The Kitchen,2023,1h 47m,R,5.2K,4.9
Fighter,2021 ,1h 25m,TV-MA,32K,7.7
Argylle,2024,2h 19m,PG-13,865,6.2
Death and Other Details,2021 ,1h 25m,TV-MA,2.7K,7.0
The Creator,2023,2h 13m,PG-13,131K,6.8
Animal,2021 ,1h 25m,TV-MA,73K,6.5
Breaking Bad,2021 ,1h 25m,TV-MA,2.1M,9.5
Slow Horses,2021 ,1h 25m,TV-MA,63K,8.1
Night Swim,2024,1h 38m,PG-13,8.5K,4.8
The Walking Dead,2021 ,1h 25m,TV-MA,1.1M,8.1
Law & Order: Special Victims Unit,2021 ,1h 25m,TV-MA,121K,8.1
Zebunebrivi,2021 ,1h 25m,TV-MA,477K,8.4
Leave the World Behind,2023,2h 18m,R,171K,6.5
Salaar: Cease Fire - Part 1,2021 ,1h 25m,TV-MA,57K,6.6
Criminal Minds,2021 ,1h 25m,TV-MA,215K,8.1
Monsieur Spade,2024 ,not available,not available,1.4K,7.2
The Last of Us,2021 ,1h 25m,TV-MA,494K,8.8
Criminal Record,2021 ,1h 25m,TV-MA,2K,7.2
Stranger Things,2021 ,1h 25m,TV-MA,1.3M,8.7
Madame Web,2024,1h 56m,PG-13,not available,not available
Shavi Sarke,2021 ,1h 25m,TV-MA,629K,8.7
Mission: Impossible - Dead Reckoning Part One,2023,2h 43m,PG-13,221K,7.7
Self Reliance,2023,1h 25m,R,8.3K,6.1
Only Murders in the Building,2021 ,1h 25m,TV-MA,151K,8.1
NCIS: Naval Criminal Investigative Service,2021 ,1h 25m,TV-MA,160K,7.8
Berlín,2021 ,1h 25m,TV-MA,23K,7.0
American Horror Story,2021 ,1h 25m,TV-MA,340K,8.0
Road House,1989,1h 54m,R,85K,6.7
I.S.S.,2023,1h 35m,R,1.9K,5.7
The Hunger Games: The Ballad of Songbirds & Snakes,2023,2h 37m,PG-13,92K,6.9
The Curse,2021 ,1h 25m,TV-MA,8K,7.1
Law & Order,2021 ,1h 25m,TV-MA,43K,7.8
The Wire,2021 ,1h 25m,TV-MA,371K,9.3
Ripley,2024,not available,not available,not available,not available
The Killing of a Sacred Deer,2017,2h 1m,R,181K,7.0
Jujutsu Kaisen,2021 ,1h 25m,TV-MA,105K,8.6
Halo,2021 ,1h 25m,TV-MA,74K,7.2
Antichrist,2009,1h 48m,Not Rated,135K,6.5
The Tourist,2021 ,1h 25m,TV-MA,22K,7.0
Masters of the Air,2021 ,1h 25m,TV-MA,5.1K,8.0
The Zone of Interest,2023,1h 45m,PG-13,8.1K,7.9
Fighter,2021 ,1h 25m,TV-MA,32K,7.7
Napoleon,2023,2h 38m,R,101K,6.5
Band of Brothers,2021 ,1h 25m,TV-MA,515K,9.4
The Hunger Games: The Ballad of Songbirds & Snakes,2023,2h 37m,PG-13,92K,6.9
Vikings,2021 ,1h 25m,TV-MA,573K,8.5
Halo,2021 ,1h 25m,TV-MA,74K,7.2
SEAL Team,2021 ,1h 25m,TV-MA,32K,7.8
All the Light We Cannot See,2021 ,1h 25m,TV-MA,40K,7.5
Shôgun,2021 ,1h 25m,TV-MA,not available,not available
The Pacific,2021 ,1h 25m,TV-MA,126K,8.3
Expend4bles,2023,1h 43m,R,32K,4.8
M*A*S*H,2021 ,1h 25m,TV-MA,63K,8.5
Inglourious Basterds,2009,2h 33m,R,1.6M,8.4
The Covenant,2023,2h 3m,R,152K,7.5
Dunkirk,2017,1h 46m,PG-13,728K,7.8
Braveheart,1995,2h 58m,R,1.1M,8.3
Vikings: Valhalla,2021 ,1h 25m,TV-MA,55K,7.3
Sisu,2022,1h 31m,R,69K,6.9
The Tudors,2021 ,1h 25m,TV-MA,80K,8.1
The King,2019,2h 20m,R,149K,7.3
Kingdom of Heaven,2005,2h 24m,R,310K,7.3
Sam Bahadur,2021 ,1h 25m,TV-MA,11K,8.0
Apocalypse Now,1979,2h 27m,R,703K,8.4
The Ministry of Ungentlemanly Warfare,2021 ,1h 25m,TV-MA,not available,not available
Viski tango foqstrori,2016,1h 52m,R,56K,6.6
Rome,2021 ,1h 25m,TV-MA,183K,8.7
Hacksaw Ridge,2016,2h 19m,R,583K,8.1
Rigiti Raianis Gadasarchenad,1998,2h 49m,R,1.5M,8.6
Fury,2014,2h 14m,R,537K,7.6
Idi i smotri,1985,2h 22m,Not Rated,94K,8.4
Tropic Thunder,2008,1h 47m,R,443K,7.1
Fallout,2024 ,not available,not available,not available,not available
Stockholm Bloodbath,2021 ,1h 25m,TV-MA,523,4.7
Im Westen nichts Neues,2022,2h 28m,R,237K,7.8
1917,2019,1h 59m,R,662K,8.2
Monanieba,2007,2h 3m,R,297K,7.8
Pianisti,2002,2h 30m,R,899K,8.5
Brothers,2009,1h 45m,R,144K,7.1
Platoon,1986,2h,R,435K,8.1
20 Days in Mariupol,2023,1h 35m,TV-PG,3.4K,8.6
La vita è bella,1997,1h 56m,PG-13,735K,8.6
Malèna,2000,1h 48m,R,111K,7.4
A Small Light,2021 ,1h 25m,TV-MA,11K,8.4
Tsetskhlis Tsamkidebelni,2010,2h 11m,R,195K,8.3
Jojo Rabbit,2019,1h 48m,PG-13,433K,7.9
Golda,2023,1h 40m,PG-13,9.5K,6.0
Full Metal Jacket,1987,1h 56m,R,782K,8.3
Our Girl,2021 ,1h 25m,TV-MA,4.6K,7.6
Mean Girls,2024,1h 52m,PG-13,11K,6.3
Wonka,2023,1h 56m,PG,82K,7.2
Hazbin Hotel,2021 ,1h 25m,TV-MA,11K,7.7
Wish,2023,1h 35m,PG,18K,5.7
The Color Purple,2023,2h 21m,PG-13,7.6K,7.1
Joker: Folie à Deux,2024,not available,not available,not available,not available
Mary Poppins,1964,2h 19m,G,184K,7.8
Charlie and the Chocolate Factory,2005,1h 55m,PG,522K,6.7
La La Land,2016,2h 8m,PG-13,655K,8.0
Helluva Boss,2021 ,1h 25m,TV-MA,8.6K,8.2
Willy Wonka & the Chocolate Factory,1971,1h 40m,G,223K,7.8
Leo,2023,1h 42m,PG,30K,7.0
Cats,2019,1h 50m,PG,55K,2.8
Wicked: Part One,2024,not available,not available,not available,not available
The Little Mermaid,2023,2h 15m,PG,152K,7.2
The Greatest Showman,2017,1h 45m,PG,306K,7.5
Sing 2,2021,1h 50m,PG,85K,7.4
Encanto,2021,1h 42m,PG,256K,7.2
The Lion King,1994,1h 28m,G,1.1M,8.5
Glee,2021 ,1h 25m,TV-MA,155K,6.8
Les Misérables,2012,2h 38m,PG-13,343K,7.5
The Blues Brothers,1980,2h 13m,R,212K,7.9
Mamma Mia!,2008,1h 48m,PG-13,270K,6.5
The Lion King,2019,1h 58m,PG,264K,6.8
Beauty and the Beast,2017,2h 9m,PG,331K,7.1
The Sound of Music,1965,2h 52m,G,257K,8.1
The Wizard of Oz,1939,1h 42m,G,424K,8.1
Grease,1978,1h 50m,PG,297K,7.2
Moana,2016,1h 47m,PG,371K,7.6
Frozen,2013,1h 42m,PG,658K,7.4
Sing,2016,1h 48m,PG,188K,7.1
Annie,1982,2h 6m,PG,49K,6.6
Mamma Mia! Here We Go Again,2018,1h 54m,PG-13,107K,6.6
Hamilton,2020,2h 40m,PG-13,111K,8.3
Trolls,2016,1h 32m,PG,91K,6.4
Hercules,1997,1h 33m,G,252K,7.3
Dakhlartuli,2010,1h 40m,PG,488K,7.7
West Side Story,2021,2h 36m,PG-13,94K,7.1
The Ballad of Buster Scruggs,2018,2h 13m,R,165K,7.2
The Best Little Whorehouse in Texas,1982,1h 54m,R,13K,6.0
Moulin Rouge!,2001,2h 7m,PG-13,297K,7.6
Aladdin,2019,2h 8m,PG,287K,6.9
Chicago,2002,1h 53m,PG-13,241K,7.2
The Phantom of the Opera,2004,2h 23m,PG-13,130K,7.2
Labyrinth,1986,1h 41m,PG,148K,7.3
Trolls World Tour,2020,1h 31m,PG,28K,6.1
Michael,2025,not available,not available,not available,not available
Sweeney Todd: The Demon Barber of Fleet Street,2007,1h 56m,R,384K,7.3
Aladdin,1992,1h 30m,G,460K,8.0
Champion,2023 ,not available,not available,508,6.9
The Traitors,2021 ,1h 25m,TV-MA,2.8K,7.6
The Traitors UK,2021 ,1h 25m,TV-MA,4.3K,8.8
Naked Attraction,2016 ,not available,not available,1.9K,5.4
Taskmaster,2021 ,1h 25m,TV-MA,19K,9.0
The Trust: A Game of Greed,2021 ,1h 25m,TV-MA,738,6.2
RuPaul's Drag Race,2021 ,1h 25m,TV-MA,23K,8.5
Survivor,2021 ,1h 25m,TV-MA,27K,7.5
The Challenge,2021 ,1h 25m,TV-MA,4.2K,8.1
Love is Blind: Sverige,2021 ,1h 25m,TV-MA,314,6.2
Whose Line Is It Anyway?,2021 ,1h 25m,TV-MA,9.5K,8.4
The Floor,2024 ,not available,not available,219,7.9
Hell's Kitchen,2021 ,1h 25m,TV-MA,23K,7.2
Love Island,2021 ,1h 25m,TV-MA,4.5K,5.3
The Traitors Australia,2021 ,1h 25m,TV-MA,972,8.0
Gladiators,19922000,not available,not available,1.5K,6.5
Squid Game: The Challenge,2021 ,1h 25m,TV-MA,16K,5.8
The Bachelor,2021 ,1h 25m,TV-MA,7.5K,3.2
Gladiators,2024 ,not available,not available,141,6.4
The Great British Bake Off,2021 ,1h 25m,TV-MA,13K,8.6
We Are Family,2024 ,not available,not available,131,4.8
After Midnight,2024 ,not available,not available,221,5.8
Naked and Afraid,2021 ,1h 25m,TV-MA,4.9K,6.6
Sesame Street,2021 ,1h 25m,TV-MA,15K,8.1
Alone,2021 ,1h 25m,TV-MA,7.2K,8.4
Would I Lie to You?,2021 ,1h 25m,TV-MA,9.5K,8.2
Too Hot to Handle,2021 ,1h 25m,TV-MA,15K,4.7
American Gladiators,2021 ,1h 25m,TV-MA,3.2K,6.6
Whose Line Is It Anyway?,2021 ,1h 25m,TV-MA,46K,8.5
QI,2021 ,1h 25m,TV-MA,33K,8.6
Top Chef,2021 ,1h 25m,TV-MA,6.7K,7.7
8 Out of 10 Cats Does Countdown,2021 ,1h 25m,TV-MA,6.5K,8.2
Shark Tank,2021 ,1h 25m,TV-MA,11K,7.7
Worst Cooks in America,2021 ,1h 25m,TV-MA,1.6K,6.3
Face Off,2021 ,1h 25m,TV-MA,7.2K,8.2
Match Game 73,2021 ,1h 25m,TV-MA,2.4K,8.3
The Great Pottery Throw Down,2021 ,1h 25m,TV-MA,1.4K,8.6
007: Road to a Million,2021 ,1h 25m,TV-MA,1.5K,6.8
Holey Moley,2021 ,1h 25m,TV-MA,1.4K,7.2
Ink Master,2021 ,1h 25m,TV-MA,4.7K,7.4
Name That Tune,2021 ,1h 25m,TV-MA,475,5.4
Masterchef,2021 ,1h 25m,TV-MA,9.7K,7.2
The Devil's Plan,2021 ,1h 25m,TV-MA,3K,8.2
The Circle,2021 ,1h 25m,TV-MA,8K,7.2
The Mole,2021 ,1h 25m,TV-MA,3.7K,7.6
Chopped,2021 ,1h 25m,TV-MA,4.3K,7.4
Love Island,2021 ,1h 25m,TV-MA,1.5K,5.0
America's Got Talent,2021 ,1h 25m,TV-MA,11K,5.8
The New Price Is Right,2021 ,1h 25m,TV-MA,4.2K,7.5
Lego Masters,2021 ,1h 25m,TV-MA,3.1K,7.5
I Can See Your Voice,2021 ,1h 25m,TV-MA,541,5.8
Maestro,2023,2h 9m,R,42K,6.7
Bob Marley: One Love,2024,1h 44m,PG-13,not available,not available
Priscilla,2023,1h 53m,R,21K,6.7
This Is Me...Now,2024,not available,not available,not available,not available
Trolls Band Together,2023,1h 31m,PG,10K,6.0
9 Songs,2004,1h 11m,Not Rated,24K,4.8
La La Land,2016,2h 8m,PG-13,655K,8.0
Shepkrobili,2014,1h 46m,R,966K,8.5
Elvis,2022,2h 39m,PG-13,227K,7.3
Saturday Night Live,2021 ,1h 25m,TV-MA,52K,8.0
Daisy Jones & The Six,2021 ,1h 25m,TV-MA,36K,8.1
Dave,2021 ,1h 25m,TV-MA,25K,8.3
Soul,2020,1h 40m,PG,372K,8.0
Baby Driver,2017,1h 53m,R,598K,7.5
Atlanta,2021 ,1h 25m,TV-MA,86K,8.6
Mtsvane Tsigni,2018,2h 10m,PG-13,554K,8.2
Robot Dreams,2023,1h 42m,Not Rated,1K,7.6
School of Rock,2003,1h 49m,PG-13,327K,7.2
Glee,2021 ,1h 25m,TV-MA,155K,6.8
The Blues Brothers,1980,2h 13m,R,212K,7.9
The Producers,1967,1h 28m,PG,59K,7.5
Almost Famous,2000,2h 2m,R,291K,7.9
Pianisti,2002,2h 30m,R,899K,8.5
CODA,2021,1h 51m,PG-13,160K,8.0
Pitch Perfect,2012,1h 52m,PG-13,328K,7.1
Weird: The Al Yankovic Story,2022,1h 48m,TV-14,37K,6.9
Rock 'n' Roll High School,1979,1h 33m,PG,11K,6.6
Bohemian Rhapsody,2018,2h 14m,PG-13,583K,7.9
A Star Is Born,2018,2h 16m,R,414K,7.6
Footloose,1984,1h 47m,PG,90K,6.6
Dirty Dancing,1987,1h 40m,PG-13,253K,7.0
Amadeus,1984,2h 40m,PG,423K,8.4
This Is Spinal Tap,1984,1h 22m,R,146K,7.9
Trolls,2016,1h 32m,PG,91K,6.4
Tarzan,1999,1h 28m,G,244K,7.3
Tár,2022,2h 38m,R,90K,7.4
Scott Pilgrim Takes Off,2021 ,1h 25m,TV-MA,15K,7.8
Yesterday,2019,1h 56m,PG-13,164K,6.8
The Idol,2021 ,1h 25m,TV-MA,110K,4.4
Coco,2017,1h 45m,PG,577K,8.4
Paradise City,2021 ,1h 25m,TV-MA,2.3K,6.4
The Piano,1993,2h 1m,R,94K,7.5
The Last Repair Shop,2021 ,1h 25m,TV-MA,656,7.2
8 Mile,2002,1h 50m,R,317K,7.2
Back to Black,2024,not available,not available,not available,not available
Empire Records,1995,1h 30m,PG-13,61K,6.7
Happy Days,2021 ,1h 25m,TV-MA,21K,7.4
Michael,2025,not available,not available,not available,not available
La pianiste,2001,2h 11m,R,71K,7.5
Ally McBeal,2021 ,1h 25m,TV-MA,36K,6.9
Hazbin Hotel,2021 ,1h 25m,TV-MA,11K,7.7
Night Swim,2024,1h 38m,PG-13,8.5K,4.8
The Walking Dead,2021 ,1h 25m,TV-MA,1.1M,8.1
Godzila minus erti,2023,2h 4m,PG-13,42K,8.3
Zebunebrivi,2021 ,1h 25m,TV-MA,477K,8.4
The Last of Us,2021 ,1h 25m,TV-MA,494K,8.8
Stranger Things,2021 ,1h 25m,TV-MA,1.3M,8.7
American Horror Story,2021 ,1h 25m,TV-MA,340K,8.0
Shingeki no Kyojin,2021 ,1h 25m,TV-MA,493K,9.1
The Killing of a Sacred Deer,2017,2h 1m,R,181K,7.0
The Fall of the House of Usher,2021 ,1h 25m,TV-MA,100K,7.9
Antichrist,2009,1h 48m,Not Rated,135K,6.5
X,2022,1h 45m,R,163K,6.5
Yellowjackets,2021 ,1h 25m,TV-MA,82K,7.8
The Vampire Diaries,2021 ,1h 25m,TV-MA,345K,7.7
Dream Scenario,2023,1h 42m,R,33K,7.0
A Haunting in Venice,2023,1h 43m,PG-13,101K,6.5
Talk to Me,2022,1h 35m,R,127K,7.1
Five Nights at Freddy's,2023,1h 49m,PG-13,85K,5.5
From,2021 ,1h 25m,TV-MA,63K,7.7
Immaculate,2021 ,1h 25m,TV-MA,not available,not available
Midsommar,2019,2h 28m,R,390K,7.1
The Menu,2022,1h 47m,R,376K,7.2
What We Do in the Shadows,2021 ,1h 25m,TV-MA,99K,8.6
Thanksgiving,2023,1h 46m,R,33K,6.4
Fear the Walking Dead,2021 ,1h 25m,TV-MA,142K,6.8
The Walking Dead: The Ones Who Live,2024,not available,not available,not available,not available
Sunrise,2024,1h 33m,R,353,3.8
Lisa Frankenstein,2024,1h 41m,PG-13,not available,not available
Cuando acecha la maldad,2023,1h 39m,Not Rated,24K,7.0
Helluva Boss,2021 ,1h 25m,TV-MA,8.6K,8.2
Nefarious,2023,1h 37m,R,24K,6.4
Beau Is Afraid,2023,2h 59m,R,55K,6.7
Nosferatu,2024,not available,not available,not available,not available
Baghead,2021 ,1h 25m,TV-MA,464,5.5
Hannibal,2021 ,1h 25m,TV-MA,273K,8.5
Presence,2021 ,1h 25m,TV-MA,57,6.5
Under the Skin,2013,1h 48m,R,155K,6.3
Pearl,2022,1h 43m,R,89K,7.0
Gerald's Game,2017,1h 43m,TV-MA,125K,6.5
Gyeongseong Creature,2021 ,1h 25m,TV-MA,7.7K,7.3
American Psycho,2000,1h 42m,R,701K,7.6
Alien,1979,1h 57m,R,938K,8.5
El conde,2023,1h 50m,R,8.9K,6.4
Abigail,2024,not available,not available,not available,not available
Hereditary,2018,2h 7m,R,369K,7.3
The Twilight Zone,2021 ,1h 25m,TV-MA,92K,9.1
Founders Day,2023,1h 46m,R,636,4.6
American Horror Stories,2021 ,1h 25m,TV-MA,26K,6.3
Alien: Romulus,2024,not available,not available,not available,not available
